episode,reward,loss
1,0.822549718229884,52.34993362426758
2,3.1353398648153457,36.184722900390625
3,2.1354186072267693,52.8458251953125
4,2.0076514920975814,32.28870391845703
5,3.015955257979478,23.53262710571289
6,1.0186851319528378,22.65686798095703
7,3.037543159818526,1.454554557800293
8,1.2722611809643765,11.637571334838867
9,1.87143107154076,20.740781784057617
10,2.000915238540391,27.969242095947266
11,3.1361015290107566,5.7851152420043945
12,2.370129550388733,5.265312194824219
13,2.0117453719409943,21.12255859375
14,2.050700173942701,32.384056091308594
15,1.055194583033075,37.89292526245117
16,3.0995743922660366,29.41513442993164
17,3.370374130358356,16.36664390563965
18,2.8720066593496933,21.76995849609375
19,4.004970017848388,6.052563667297363
20,1.871964379654835,12.326976776123047
21,1.272848651572823,0.5616445541381836
22,2.0321392839395145,21.77613067626953
23,2.0074370934049894,27.99439239501953
24,2.031796053545719,38.571266174316406
25,2.0268773610245217,31.34152603149414
26,2.2715824484387803,22.342559814453125
27,2.143028433486609,14.317797660827637
28,2.0635159261865614,4.582788467407227
29,2.4232949391484437,16.17461585998535
30,1.1723384534837795,9.031084060668945
31,4.135335283236612,13.095788955688477
32,2.0202138409972563,18.126901626586914
33,3.0000334034015803,19.9464111328125
34,3.049787068367864,18.90949821472168
35,1.6502454589970859,20.61627769470215
36,5.000911881965554,24.7482852935791
37,2.772390160120353,21.601030349731445
38,2.0018237639311094,31.52019691467285
39,1.4069177316753925,29.795198440551758
40,3.0049575043533325,19.40077781677246
41,2.2707613663327506,18.134963989257812
42,3.000670925255805,13.279699325561523
43,4.0,23.02078628540039
44,2.051610832298973,20.41391372680664
45,3.0002468196081735,22.04369354248047
46,2.4045107189489108,18.943527221679688
47,1.4109633540631707,20.303564071655273
48,2.0547445727211966,21.143407821655273
49,3.3678794411714423,32.230045318603516
50,2.016625571430642,21.590316772460938
51,2.6027888611437833,21.076129913330078
52,3.103638323514327,21.688323974609375
53,1.2514594939457484,12.976645469665527
54,1.2982462258230676,11.049938201904297
55,1.069926471187707,14.122973442077637
56,2.190092144382516,14.0982666015625
57,2.368674001301683,15.879642486572266
58,2.0006725883132432,20.49142074584961
59,4.0,20.341571807861328
60,2.7857927703189223,12.065855979919434
61,3.0632631874363843,9.934511184692383
62,2.3679128445730226,19.072660446166992
63,3.1354277766135357,10.695940017700195
64,1.7408238882565326,18.454973220825195
65,4.001823763931109,21.15003776550293
66,1.0162014657830105,18.02999496459961
67,2.7357588823428847,22.61779022216797
68,2.28898620536196,14.885047912597656
69,2.2713414917290304,12.43808364868164
70,2.149057996842957,14.466647148132324
71,2.6520259016428387,15.075636863708496
72,3.0049575043533325,19.076248168945312
73,2.505800213454494,-3.905890464782715
74,3.0050528248716715,12.742350578308105
75,3.031791532886905,22.449132919311523
76,2.3697032051025513,18.505462646484375
77,3.0134758939981707,17.426559448242188
78,3.0162115398948344,21.390914916992188
79,2.314040622778499,17.421894073486328
80,2.7738852908812808,21.06462287902832
81,2.368126260779616,16.87525749206543
82,3.0013995388660786,0.4030470848083496
83,2.1371590471677218,15.973176956176758
84,3.0436160443847275,14.380538940429688
85,2.3204576348410897,13.678058624267578
86,0.9220868583118068,1.6823844909667969
87,2.1488111772347835,15.814532279968262
88,2.054777976122777,16.734025955200195
89,2.1237591619433496,10.215785026550293
90,1.2532250588610747,16.308345794677734
91,3.0049575043533325,20.109970092773438
92,3.0366312777774684,18.43113136291504
93,3.0650867262971437,18.404827117919922
94,2.1488111772347835,18.17681121826172
95,3.0049575043533325,19.63861083984375
96,3.0864183461453325,18.975547790527344
97,2.1057089070536095,5.236481189727783
98,3.000670925255805,18.56034278869629
99,4.0,21.131031036376953
100,2.153650922125347,19.533092498779297
101,1.5099959926924966,12.488718032836914
102,2.0009177448639783,18.274913787841797
103,4.0,25.624797821044922
104,2.503214724408055,20.472745895385742
105,3.3678794411714423,20.35532569885254
106,5.002478752176667,18.49073028564453
107,3.3678794411714423,19.463388442993164
108,2.6435075119980005,17.069026947021484
109,1.4127437967089234,15.501398086547852
110,4.0,18.511474609375
111,2.4176665095393064,17.99118423461914
112,4.0020705835392825,7.057716369628906
113,1.2846964883402046,15.689617156982422
114,2.28898620536196,13.631096839904785
115,4.0,14.710216522216797
116,3.0056284296091373,12.104106903076172
117,3.135594391269493,11.650676727294922
118,3.137192450569302,16.762269973754883
119,4.0,22.038238525390625
120,3.3697032051025513,17.329242706298828
121,2.1631725617296653,7.561905860900879
122,3.135335283236613,17.868398666381836
123,4.001823763931109,16.740814208984375
124,1.271252848709301,9.891693115234375
125,3.135335283236613,13.515437126159668
126,2.391152584413509,13.141904830932617
127,2.275628070826558,12.57752799987793
128,2.372836945524775,18.492557525634766
129,4.099574136735727,13.644669532775879
130,3.1219539624030612,14.873714447021484
131,2.141875594811305,14.494258880615234
132,4.0,16.068716049194336
133,3.135335283236613,12.14238166809082
134,3.031791532886905,12.628640174865723
135,2.185217672122816,15.674175262451172
136,4.0,16.718643188476562
137,4.735758882342886,10.792938232421875
138,2.0556564546867513,14.154961585998535
139,4.735792285744465,5.948407173156738
140,3.00369292779198,6.240448474884033
141,3.135335283236613,15.670415878295898
142,3.09990959936363,15.050010681152344
143,3.018315638888734,13.965930938720703
144,4.004962025012147,12.38123893737793
145,3.3678794411714423,12.044971466064453
146,2.190529019510989,12.704811096191406
147,3.063262962366035,13.602245330810547
148,2.5081845171860944,12.892242431640625
149,2.772390160120353,9.232379913330078
150,3.0186532583564327,8.669755935668945
151,4.0,13.81692123413086
152,3.0995741519657076,15.495264053344727
153,3.0049642853415537,14.711345672607422
154,3.0021637472178253,14.268308639526367
155,2.4718532273136717,12.49721622467041
156,3.0134758939981707,15.394472122192383
157,3.105462699250077,5.417660236358643
158,4.135351984937403,7.598784446716309
159,3.7855504713695627,7.612464904785156
160,4.0,13.092594146728516
161,3.0549469166662027,10.791933059692383
162,2.643630921802087,9.608434677124023
163,2.1420732302356984,10.415287017822266
164,4.004959167410771,10.229887008666992
165,1.422826357837645,4.104330539703369
166,3.3679702410309673,11.698594093322754
167,4.001825426988548,11.461052894592285
168,2.100245061991533,8.98808479309082
169,4.000670925255805,17.16432762145996
170,4.000761725115329,9.702496528625488
171,3.1353475716613195,12.281394004821777
172,2.638550007644668,12.59303092956543
173,2.178705119817808,11.793895721435547
174,3.0134758939981707,10.950094223022461
175,3.051701632158498,10.582947731018066
176,3.3678794411714423,12.722273826599121
177,3.087336091009311,-8.425201416015625
178,4.099575799793166,8.669912338256836
179,3.1353357333773118,7.6122846603393555
180,1.271540697749809,3.6556529998779297
181,3.054946947126162,14.894644737243652
182,2.068773632512403,12.789522171020508
183,4.013480414656986,10.894706726074219
184,2.788029234751822,-2.203782081604004
185,3.018315638888734,6.384131908416748
186,3.001823763931109,6.200982093811035
187,3.2349094199723405,9.191949844360352
188,3.367982529455674,10.619632720947266
189,4.005628429609137,8.89096450805664
190,4.000004520658814,8.746819496154785
191,3.369715493527258,13.49028491973877
192,2.275628070826558,10.982422828674316
193,4.0,16.733068466186523
194,4.005628429609137,10.92905330657959
195,3.735759494147526,10.857651710510254
196,3.381359855828427,13.853342056274414
197,3.273149318649892,3.182781457901001
198,2.3256174831394283,4.691650390625
199,2.675304695226223,0.8691682815551758
200,4.018433398351504,12.457018852233887
201,3.020213923796011,12.54554271697998
202,3.0882421100764414,1.7559773921966553
203,3.3729277453843,7.74591064453125
204,3.4046015188084358,6.960527420043945
205,3.0202138409972563,8.508889198303223
206,3.0159569210369166,-2.553523302078247
207,4.005628429609137,10.75743579864502
208,2.67542810503031,-3.0051026344299316
209,3.0376376656611757,10.378604888916016
210,3.004958228693148,8.241663932800293
211,4.000000011205593,7.169052600860596
212,4.000704328657386,9.621818542480469
213,3.7540745516915783,8.94095230102539
214,4.014146819253976,10.632064819335938
215,3.103877264648144,-3.4745917320251465
216,4.000033403401581,7.958160400390625
217,3.3678811042288808,15.893569946289062
218,3.0516276413824936,-1.2203140258789062
219,4.001823763931109,9.1184663772583
220,1.4162969701608539,-2.736132860183716
221,3.0232731432420668,6.731341361999512
222,3.0141513399127895,-0.17136716842651367
223,2.2349110830297794,7.560117721557617
224,4.000033403401581,7.2503461837768555
225,2.381388963641543,7.363116264343262
226,2.1719665610140813,6.02178955078125
227,3.1402973082487593,2.52836275100708
228,4.0,9.392998695373535
229,3.367925215796484,-0.19284415245056152
230,3.0006754611445987,2.715233325958252
231,2.406252669318012,4.523887634277344
232,4.000670925255805,7.599088668823242
233,3.1402927875899453,5.436001300811768
234,3.1421165515210543,5.434360504150391
235,2.517240646275034,3.582693338394165
236,2.381355335169613,10.637606620788574
237,3.0996649365952527,8.045001983642578
238,3.2367331839034494,3.203481435775757
239,2.4014947379894562,4.489450931549072
240,4.0,7.266228675842285
241,3.043369224776554,7.9254631996154785
242,5.135335283236612,1.9997937679290771
243,2.4045107189489108,4.737191677093506
244,3.3813887385711934,4.192851543426514
245,4.0,7.500998497009277
246,3.043369224776554,3.832550525665283
247,2.46745357790717,2.5779128074645996
248,1.4557929180777018,3.5820188522338867
249,2.0385294798859905,-3.940974712371826
250,2.871340985187671,3.95823073387146
251,3.0134758939981707,1.7438772916793823
252,3.3678794411714423,8.219401359558105
253,2.1671268161235178,3.510718584060669
254,2.4045107189489108,6.922168731689453
255,3.383179099100722,4.665565490722656
256,2.4045107189489108,3.6494107246398926
257,4.0,7.694096565246582
258,3.049787068367864,4.5246429443359375
259,3.3678794411714423,6.936868667602539
260,4.0,4.398383140563965
261,2.5081722287613877,2.3539657592773438
262,2.1402927875899453,6.351282119750977
263,3.0995741367357277,7.006943225860596
264,3.638550007644668,6.0511016845703125
265,3.001823763931109,6.902841567993164
266,2.1488111772347835,3.7631304264068604
267,2.602788861143783,5.980515956878662
268,4.0,7.329106330871582
269,2.099574136735728,2.56705379486084
270,3.004990907754913,3.291759490966797
271,3.0549469166662027,4.525035858154297
272,4.0,4.011822700500488
273,2.1719665610140813,0.39357709884643555
274,3.3678794411714423,2.5009329319000244
275,3.0049575043533325,3.58500599861145
276,2.099574136735728,-4.505377769470215
277,3.0134758939981707,3.288785219192505
278,4.0,3.973264455795288
279,4.036631277777468,2.5127334594726562
280,2.6452879546437535,-1.3608729839324951
281,4.0,1.5879333019256592
282,4.0,2.733752727508545
283,4.0,1.7259714603424072
284,3.135335283236613,2.1853275299072266
285,2.147030734589031,2.3186895847320557
286,3.270806766262513,6.278171539306641
287,3.2706705664732256,0.8787145614624023
288,3.0366312777774684,1.7246785163879395
289,4.013475924458131,3.151751756668091
290,3.3678794411714423,4.1800713539123535
291,2.46745357790717,1.992330551147461
292,4.001823763931109,3.9524192810058594
293,3.3678794411714423,3.4035632610321045
294,2.503214724408055,2.879004716873169
295,4.0,4.469181060791016
296,4.0,2.0690507888793945
297,3.7364298075986895,-0.6928040981292725
298,3.099820956343901,3.5664119720458984
299,3.0366312777774684,2.5097436904907227
300,3.3678794411714423,0.4026537537574768
301,3.2706705664732256,0.5241131782531738
302,3.0150587012195302,1.520351529121399
303,4.0,5.8036298751831055
304,3.0995741367357277,3.8056721687316895
305,3.135335283236613,2.8150813579559326
306,4.0,3.806088447570801
307,3.3678794411714423,5.750800132751465
308,2.105462087445436,-0.010274410247802734
309,3.0134758939981707,0.05836206674575806
310,2.099574136735728,0.2089555263519287
311,4.001823763931109,-0.5966784954071045
312,3.0366646811790488,4.8241472244262695
313,4.0,1.4125434160232544
314,4.0,-0.32524973154067993
315,3.7357588823428847,-5.251237392425537
316,3.135335283236613,-0.8540091514587402
317,4.0,2.251330852508545
318,3.0366312777774684,2.6485209465026855
319,3.135335283236613,1.1791096925735474
320,3.2349094199723405,0.9028944373130798
321,3.638550007644668,1.2272992134094238
322,2.46745357790717,-0.4694637060165405
323,4.0,1.4750189781188965
324,4.0,3.3551859855651855
325,4.0,-0.6359244585037231
326,4.0,-0.7904667854309082
327,4.0,2.8668406009674072
328,4.0,2.4135165214538574
329,3.0995741367357277,0.6952464580535889
330,3.0067812682844415,-4.2098307609558105
331,4.0,1.8095557689666748
332,4.0,3.4104814529418945
333,3.2349094199723405,0.8011984825134277
334,3.0134758939981707,1.007111668586731
335,4.0,1.9146217107772827
336,4.0,2.7106823921203613
337,3.4045107189489108,2.5144195556640625
338,4.0,2.037290573120117
339,3.0134758939981707,1.5653290748596191
340,4.0,3.21537446975708
341,3.0366312777774684,-2.512251138687134
342,4.101397900666837,1.2849684953689575
343,3.0366312777774684,-0.14359807968139648
344,2.4045107189489108,0.7264292240142822
345,4.172089970818168,-2.775412082672119
346,3.0864183461453325,3.022397518157959
347,4.013475893998171,0.4689236581325531
348,3.0366312777774684,-2.439584255218506
349,3.1719665610140813,1.169411540031433
350,3.3697032051025513,4.4320478439331055
351,4.0,0.6464124917984009
352,4.0,2.6307435035705566
353,3.381359855828427,-2.205185890197754
354,4.0,2.2329018115997314
355,3.135335283236613,0.4568701684474945
356,4.0,2.975545883178711
357,4.0,2.566605567932129
358,4.0,1.9844117164611816
359,3.135335283236613,-0.5873055458068848
360,4.0,0.40829014778137207
361,3.135335283236613,1.0552363395690918
362,4.0,0.0889960527420044
363,3.7855459507107487,-2.330599784851074
364,4.0,4.156991481781006
365,4.0,3.054447650909424
366,3.3678794411714423,-0.7517505884170532
367,3.3678794411714423,-2.446134567260742
368,3.1063120837348133,-1.1915485858917236
369,4.0,2.1376709938049316
370,5.0,0.36496174335479736
371,3.2706705664732256,-0.8355101943016052
372,3.3678794411714423,0.7826420664787292
373,3.0366312777774684,0.6823431253433228
374,4.0,2.2312357425689697
375,3.0049575043533325,0.47949984669685364
376,4.0,0.2586001753807068
377,3.0366312777774684,1.4009697437286377
378,3.3678794411714423,2.97878360748291
379,2.050107171775639,-3.0450475215911865
380,4.0,0.11131280660629272
381,4.0,1.2373182773590088
382,3.0864183461453325,3.160311222076416
383,4.0,2.535022735595703
384,3.135335283236613,0.6450474262237549
385,3.0366312777774684,-1.6007483005523682
386,2.1622870712329543,-1.3777992725372314
387,2.1045316410890607,-3.73256516456604
388,4.0,2.215425968170166
389,4.0,0.028647437691688538
390,3.4045107189489108,0.44329947233200073
391,4.0,1.553959608078003
392,4.0,-0.717700719833374
393,3.3678794411714423,-0.08364596962928772
394,3.0864183461453325,1.605570673942566
395,4.0,2.126838445663452
396,2.4045107189489108,1.4535093307495117
397,3.135335283236613,1.9151513576507568
398,4.0,2.797539710998535
399,3.3697032051025513,-0.9662234783172607
400,4.0,-1.2668031454086304
401,3.3678794411714423,-0.01654358208179474
402,3.2706705664732256,0.328094482421875
403,4.0,-0.8761338591575623
404,4.013475893998171,1.2271919250488281
405,4.0,2.0249860286712646
406,4.0,-1.0401637554168701
407,3.0049575043533325,1.8386927843093872
408,4.0,1.2367064952850342
409,4.036631277777468,-1.6745952367782593
410,3.0134758939981707,0.15861842036247253
411,4.0,1.0938273668289185
412,3.3678794411714423,1.9029464721679688
413,2.4045107189489108,-1.3979363441467285
414,3.3678794411714423,1.6242600679397583
415,4.0049575043533325,-1.2697458267211914
416,4.0,2.1190271377563477
417,4.0,2.453672409057617
418,2.041588782130801,-5.284815788269043
419,3.0549469166662027,2.1095075607299805
420,2.2706705664732256,-0.13842713832855225
421,4.0,-1.2775609493255615
422,3.3678794411714423,1.0328028202056885
423,3.0366312777774684,2.514223098754883
424,4.0,0.04307800531387329
425,4.0,1.7677499055862427
426,3.0995741367357277,0.6752824783325195
427,4.0,1.2353606224060059
428,2.2349094199723405,-1.4923871755599976
429,3.0995741367357277,1.697507381439209
430,2.472411082260503,-3.7051875591278076
431,2.381355335169613,-1.3268039226531982
432,4.0049575043533325,-0.7227510213851929
433,4.0,-0.17068472504615784
434,3.3678794411714423,0.1251678764820099
435,4.0,3.7408294677734375
436,4.0049575043533325,1.9585046768188477
437,3.7357588823428847,-1.182941198348999
438,3.1719665610140813,1.624756097793579
439,3.135335283236613,-2.801668643951416
440,4.000000611804641,-2.796351432800293
441,3.3678794411714423,2.2306041717529297
442,3.09990959936363,0.29027682542800903
443,3.4045107189489108,-1.5706921815872192
444,2.492424195855171,-2.5704445838928223
445,3.3678794411714423,-1.1956663131713867
446,3.381355335169613,-0.3257683515548706
447,3.0366312777774684,0.26104289293289185
448,4.0,2.488025426864624
449,4.0,2.414520025253296
450,4.0,1.1617517471313477
451,4.0,1.671176791191101
452,4.735758882342885,3.848731756210327
453,4.0,3.2909302711486816
454,4.013475893998171,0.8340822458267212
455,4.0,1.5067903995513916
456,3.001823763931109,1.4071197509765625
457,4.0,1.9601786136627197
458,4.0,2.528505802154541
459,3.0995741367357277,2.3925223350524902
460,3.372836945524775,0.9949865341186523
461,4.0049575043533325,-3.410764694213867
462,3.7357588823428847,-0.7206079959869385
463,2.656865646533402,-3.754504680633545
464,4.0,1.926558494567871
465,3.0366312777774684,0.24000133574008942
466,2.1488111772347835,0.00391542911529541
467,4.0,-1.0884865522384644
468,3.3678794411714423,2.0367095470428467
469,4.0,0.21223798394203186
470,4.0,1.7251625061035156
471,3.3678794411714423,0.2904008626937866
472,4.0,-0.9428381323814392
473,4.0,1.5062251091003418
474,3.135335283236613,-1.014312744140625
475,2.381355335169613,1.2122235298156738
476,2.4045107189489108,0.5272328853607178
477,2.7357588823428847,-0.7083444595336914
478,3.117889775624462,1.7197896242141724
479,4.0,2.901254177093506
480,4.0,2.099064826965332
481,3.0134758939981707,1.5808467864990234
482,3.2706705664732256,-0.2451305389404297
483,4.0,-0.5710991024971008
484,3.0049575043533325,-0.6097396016120911
485,4.0,1.332578182220459
486,4.0,1.3005354404449463
487,3.0995741367357277,-3.4976806640625
488,4.0,1.8598452806472778
489,4.0,1.7571766376495361
490,3.103638323514327,-1.291704773902893
491,3.0134758939981707,1.5069000720977783
492,3.372836945524775,0.9225382804870605
493,3.0366312777774684,-0.9399003386497498
494,3.381355335169613,3.2010974884033203
495,3.2706705664732256,-0.6932324767112732
496,3.2706705664732256,-0.7257263660430908
497,4.0,2.941389322280884
498,4.0,1.9661800861358643
499,3.3678794411714423,-0.16039752960205078
500,3.135335283236613,0.03745857626199722
501,4.0,-0.3747069239616394
502,4.0,1.6804931163787842
503,3.0366312777774684,1.0512741804122925
504,3.3678794411714423,1.0071454048156738
505,4.0,1.6190487146377563
506,3.0366312777774684,-1.5096840858459473
507,3.7357588823428847,-2.603034019470215
508,3.043369224776554,2.723830461502075
509,2.1488111772347835,-4.134434700012207
510,2.2706705664732256,0.39536648988723755
511,3.3678794411714423,0.17493146657943726
512,3.3678794411714423,2.897336959838867
513,3.46745357790717,2.1714751720428467
514,3.372836945524775,1.8201663494110107
515,4.0,1.4478459358215332
516,4.0,1.0171267986297607
517,4.0,-0.11304476857185364
518,4.0,-0.6871805787086487
519,2.7492347763410554,-2.7731637954711914
520,4.099574136735727,1.4628143310546875
521,3.1063120837348133,2.696356773376465
522,3.3678794411714423,2.1467576026916504
523,2.7357588823428847,3.7271971702575684
524,4.0,2.741140365600586
525,4.0,1.5824991464614868
526,4.0,-0.43308162689208984
527,4.0,1.7337934970855713
528,3.3678794411714423,2.901365041732788
529,3.0134758939981707,-0.6396098732948303
530,3.005204323961506,-0.030588507652282715
531,4.0,2.4765000343322754
532,4.0,1.387826681137085
533,3.0995741367357277,3.2693734169006348
534,3.3678794411714423,0.332418829202652
535,2.7738852908812808,-2.0840466022491455
536,3.0134758939981707,-2.2514901161193848
537,4.0,-0.012165725231170654
538,4.0,1.7281100749969482
539,4.0,1.731250524520874
540,4.0,-0.15001940727233887
541,4.0,1.0421600341796875
542,2.4060058497098384,1.7752587795257568
543,3.0049575043533325,0.3146742284297943
544,4.001823763931109,2.1158220767974854
545,4.0,3.0442731380462646
546,4.0,-0.04629117250442505
547,3.001823763931109,1.852704405784607
548,3.3678794411714423,1.4374444484710693
549,4.0,0.8310834765434265
550,4.0,0.9760653376579285
551,2.2349094199723405,-7.600518703460693
552,4.0,-0.7427240610122681
553,3.1719665610140813,1.5615086555480957
554,4.0,1.4126262664794922
555,4.0,2.6803669929504395
556,2.063262962366035,-1.519660472869873
557,4.0,0.9950798153877258
558,4.0,0.8820890784263611
559,4.0,0.25909513235092163
560,3.7855459507107487,-0.7525069117546082
561,4.0,0.7602210640907288
562,4.0049575043533325,0.557769775390625
563,4.0,1.1854277849197388
564,2.381355335169613,1.9550855159759521
565,4.0,-0.9549933671951294
566,4.0,1.4420976638793945
567,3.135335283236613,1.3604669570922852
568,4.0,0.82056725025177
569,2.4045107189489108,-0.6724324822425842
570,4.0,0.8717682957649231
571,4.0,-0.5451932549476624
572,3.3697032051025513,0.43767184019088745
573,4.0,1.3964989185333252
574,4.0,5.432488918304443
575,4.0,0.5530527234077454
576,3.23897360675094,-1.7277487516403198
577,4.0,0.013365864753723145
578,4.001823763931109,-1.662034034729004
579,4.000670925255805,-0.23688234388828278
580,4.0,0.8188292384147644
581,3.3678794411714423,-2.3403122425079346
582,4.0,0.9511542320251465
583,3.372836945524775,-2.2559149265289307
584,4.0,2.338787078857422
585,4.0,0.1371409296989441
586,3.0995741367357277,-1.568792462348938
587,4.0,-1.1671545505523682
588,4.0,-1.457990050315857
589,4.0,-1.0616827011108398
590,3.0134758939981707,1.0720902681350708
591,3.3678794411714423,-1.316752552986145
592,3.372836945524775,-1.5079528093338013
593,4.0,-2.0777111053466797
594,3.135335283236613,-1.9239364862442017
595,4.0,0.4624747037887573
596,4.0,3.737008571624756
597,4.0,3.099228620529175
598,3.3678794411714423,-1.144220232963562
599,4.0,1.2104766368865967
600,4.0,0.5458216071128845
601,4.0,1.5510749816894531
602,4.0,1.4962682723999023
603,4.0,-1.239431381225586
604,4.0,0.6125076413154602
605,4.0,0.9739346504211426
606,4.0,2.0494384765625
607,4.270670566473226,-1.394541621208191
608,4.0,4.137356758117676
609,4.0,-0.5475805997848511
610,4.0,-0.5988708734512329
611,2.234909419972341,-2.201679229736328
612,4.0,0.6563293933868408
613,4.0,-1.0827924013137817
614,3.3678794411714423,0.05254034698009491
615,4.0,1.277188777923584
616,4.0,0.5531916618347168
617,3.1488111772347835,0.7892751693725586
618,3.049787068367864,-0.31707900762557983
619,4.0,1.219693899154663
620,3.3678794411714423,1.3641124963760376
621,4.0,3.550321578979492
622,4.0,3.612112522125244
623,4.0,2.61128830909729
624,4.0,-0.21676385402679443
625,3.3678794411714423,1.0691423416137695
626,3.7357588823428847,0.14180660247802734
627,3.0134758939981707,-1.7786986827850342
628,3.3678794411714423,0.9062278270721436
629,4.0,-0.46016639471054077
630,3.013811356626073,-0.32693010568618774
631,3.3678794411714423,1.8758078813552856
632,4.000670925255805,-2.9577412605285645
633,3.0366312777774684,0.4547678828239441
634,3.3678794411714423,-0.3604313135147095
635,4.0,-1.4876012802124023
636,4.0,1.27769935131073
637,3.3678794411714423,-0.15855109691619873
638,3.0152996579292797,-4.675447463989258
639,3.3678794411714423,-0.6479147672653198
640,4.0,0.23612788319587708
641,3.3678794411714423,0.6125494241714478
642,3.2349094199723405,-0.8509924411773682
643,3.0134758939981707,-0.34449100494384766
644,4.0,3.125577211380005
645,4.0,2.2424204349517822
646,3.2706705664732256,1.6573501825332642
647,3.372836945524775,-0.22168123722076416
648,3.135335283236613,2.8971872329711914
649,4.0,3.43003511428833
650,4.0,1.3495961427688599
651,4.0,-0.9574880003929138
652,4.0,0.12302958965301514
653,4.0049575043533325,2.2721879482269287
654,4.0,3.739253044128418
655,3.3678794411714423,2.491321086883545
656,2.7357588823428847,-0.48299652338027954
657,3.2349094199723405,-1.438568353652954
658,4.0,1.967995047569275
659,4.0,3.6789920330047607
660,3.3678794411714423,0.6584458351135254
661,4.0,-0.731662392616272
662,3.3678794411714423,-0.03402957320213318
663,4.0,3.138969898223877
664,4.0,3.439948320388794
665,3.3678794411714423,1.697129249572754
666,4.0,1.2097365856170654
667,4.0,0.0328601598739624
668,4.0,-0.5444039106369019
669,4.0,0.15368437767028809
670,3.0366312777774684,-3.3530759811401367
671,4.0,-0.5165354609489441
672,4.0,1.9113972187042236
673,4.0,2.622415781021118
674,4.0,1.977949857711792
675,4.0,0.01901903748512268
676,4.0,0.9607290029525757
677,3.135335283236613,-1.1121385097503662
678,4.0,-0.45352375507354736
679,3.3678794411714423,1.172441005706787
680,3.3678794411714423,-0.24342453479766846
681,4.0,-0.5350992679595947
682,4.0,-0.8687666654586792
683,3.3678794411714423,2.277430772781372
684,3.3678794411714423,-0.4623359441757202
685,4.0,1.0310795307159424
686,3.3678794411714423,0.6358402371406555
687,3.0366312777774684,1.202134609222412
688,3.3678794411714423,-0.3515053987503052
689,4.0,1.2929446697235107
690,3.4045107189489108,0.46846282482147217
691,4.0,1.3901654481887817
692,4.0,1.2703559398651123
693,3.0134758939981707,-0.45040571689605713
694,2.7357588823428847,0.4258326292037964
695,3.0049575043533325,-2.3317015171051025
696,2.4674535779071705,-1.968346357345581
697,3.0995741367357277,1.766412615776062
698,4.0,0.08284652233123779
699,4.0,1.787935495376587
700,4.0,1.2533483505249023
701,3.3678794411714423,0.06036600470542908
702,4.000670925255805,-2.8387272357940674
703,4.0,-2.6699209213256836
704,3.3678794411714423,1.3023935556411743
705,4.0,1.3408730030059814
706,3.0002468196081735,3.0956716537475586
707,4.0,1.8017668724060059
708,3.3678794411714423,1.0408697128295898
709,4.0,1.2655479907989502
710,3.3678794411714423,-0.21014940738677979
711,3.049787068367864,-2.0993082523345947
712,3.135335283236613,-0.6295903921127319
713,4.0,-0.7343441247940063
714,4.0049575043533325,7.561424732208252
715,3.0995741367357277,-1.0619337558746338
716,4.0,1.0584285259246826
717,4.0,-0.7926578521728516
718,4.0,0.7894188165664673
719,4.0,1.2283769845962524
720,4.0,0.37716564536094666
721,4.0,0.8561859726905823
722,3.0134758939981707,-3.3271660804748535
723,4.0,0.9994868636131287
724,4.0,1.1448553800582886
725,3.3678794411714423,0.27066901326179504
726,4.0,1.2164682149887085
727,4.0,0.9765238165855408
728,3.3678794411714423,-0.8422072529792786
729,4.0,-1.6097848415374756
730,3.3678794411714423,-0.20027339458465576
731,3.3678794411714423,-0.22326424717903137
732,4.0,1.5065019130706787
733,4.0,1.444530725479126
734,4.0,1.063833236694336
735,4.0,1.0615583658218384
736,4.0,0.9690931439399719
737,3.135335283236613,1.1113405227661133
738,4.0,-1.0230650901794434
739,3.135335283236613,-1.0176687240600586
740,3.7357588823428847,-0.8762485980987549
741,4.735758882342885,0.2824782133102417
742,3.3678794411714423,-0.5296363234519958
743,4.0,1.0732426643371582
744,4.0,-1.4554822444915771
745,4.0,-2.5824904441833496
746,4.0,0.7897499799728394
747,4.0,-1.5205023288726807
748,4.0,1.292548656463623
749,3.0366312777774684,-0.23722562193870544
750,4.0,-0.19306017458438873
751,4.0,0.8419345021247864
752,3.3678794411714423,-0.5543060302734375
753,3.3678794411714423,-0.7195204496383667
754,4.0,1.009480595588684
755,4.0,-0.5761024951934814
756,3.135335283236613,0.38914957642555237
757,3.3678794411714423,-1.5605597496032715
758,3.3678794411714423,-0.8476238250732422
759,3.135335283236613,-0.5386418104171753
760,4.0,1.159613847732544
761,4.000670925255805,0.7841748595237732
762,4.0,1.466190218925476
763,4.0,1.2726025581359863
764,3.1719665610140813,-2.3834877014160156
765,4.0,-0.4645836353302002
766,3.0049575043533325,-0.4355602264404297
767,3.3678794411714423,-0.9947336912155151
768,4.0,-1.303236961364746
769,4.0,0.5206701159477234
770,4.0,2.104806661605835
771,2.4045107189489108,-0.428708016872406
772,4.0,0.11022454500198364
773,4.0,-0.3024612069129944
774,3.4045107189489108,1.7181140184402466
775,3.3678794411714423,1.833831548690796
776,3.3678794411714423,0.2714749276638031
777,3.3678794411714423,2.481693983078003
778,4.0,1.2437832355499268
779,4.0,1.1871531009674072
780,4.0,1.3805643320083618
781,4.0,-1.3686509132385254
782,3.3678794411714423,-0.08531072735786438
783,3.3678794411714423,0.08954504132270813
784,4.0,1.4501440525054932
785,4.0,1.3913732767105103
786,4.0,-0.147194504737854
787,4.0,1.2489862442016602
788,3.049787068367864,-2.7637124061584473
789,4.0,-0.918920636177063
790,4.0,0.9277986288070679
791,4.0,0.9597790241241455
792,3.135335283236613,-0.964841902256012
793,4.0,1.647102952003479
794,4.0,1.3554248809814453
795,4.0,1.175482988357544
796,4.0,1.2026280164718628
797,4.0,0.6274826526641846
798,3.3678794411714423,0.7077250480651855
799,4.0,1.1978610754013062
800,3.4045107189489108,-1.8064788579940796
801,4.0,0.48033520579338074
802,2.503214724408055,-1.7037591934204102
803,4.0,1.1908410787582397
804,4.0,1.550485610961914
805,3.135335283236613,0.01522284746170044
806,3.3678794411714423,-1.7824640274047852
807,4.0,1.1460233926773071
808,4.0,1.1770297288894653
809,4.0,1.308157205581665
810,3.3678794411714423,0.03604963421821594
811,4.0,0.704174280166626
812,4.0,0.9979332685470581
813,4.0,-1.0282962322235107
814,3.0995741367357277,-2.218806505203247
815,4.0,0.8312328457832336
816,4.0,1.3414844274520874
817,3.3678794411714423,-0.8747521042823792
818,4.0,-0.8466967344284058
819,3.0995741367357277,0.8145368099212646
820,4.0,-1.580010175704956
821,4.0,1.1112726926803589
822,4.0,-2.163141965866089
823,3.3678794411714423,-0.37580645084381104
824,4.0,0.9764894843101501
825,4.0,1.4601587057113647
826,4.0,-1.3599305152893066
827,3.3678794411714423,-0.7984455823898315
828,4.0,0.8139355182647705
829,4.0,0.8828450441360474
830,3.46745357790717,-0.8665627241134644
831,4.0,-0.6729804277420044
832,4.0,0.6436360478401184
833,4.0,0.75237637758255
834,3.049787068367864,-0.38094064593315125
835,4.0,-1.07305908203125
836,3.3678794411714423,-2.309962272644043
837,4.0,0.6277593970298767
838,3.0366312777774684,-2.2813992500305176
839,3.3678794411714423,0.7030181288719177
840,4.0,0.5317233800888062
841,4.0,0.9130207300186157
842,4.0,1.9269208908081055
843,4.0,0.9031705260276794
844,4.0,0.8505262732505798
845,3.3678794411714423,-0.8404936194419861
846,4.0,1.1357755661010742
847,4.0,0.7956827878952026
848,3.3678794411714423,-0.6461138725280762
849,4.0,-0.814504086971283
850,4.0,1.248856782913208
851,4.0,1.2322689294815063
852,4.0,-0.7144882082939148
853,4.0,0.8008127808570862
854,3.3678794411714423,-0.3386218547821045
855,3.3678794411714423,-0.5526583194732666
856,3.3678794411714423,1.479675531387329
857,3.3678794411714423,-0.8851761817932129
858,4.0,-0.9750832915306091
859,3.0366312777774684,-2.6620795726776123
860,3.3678794411714423,-0.41843950748443604
861,4.0,-0.8263985514640808
862,4.0,-0.9892075657844543
863,4.0,0.9975098371505737
864,3.1719665610140813,0.2928919196128845
865,4.0,0.9462343454360962
866,4.0,0.89432692527771
867,3.135335283236613,-0.10260802507400513
868,3.135335283236613,-0.3326626420021057
869,4.0,2.0687904357910156
870,3.0366312777774684,0.640678346157074
871,3.135335283236613,-1.48050057888031
872,4.0,1.286846399307251
873,3.2706705664732256,-0.6493406295776367
874,3.3678794411714423,-2.435018301010132
875,3.4045107189489108,-0.45582324266433716
876,4.0,-1.1197011470794678
877,4.0,1.5109812021255493
878,4.0,0.9104816913604736
879,4.0,1.3794729709625244
880,3.3678794411714423,-0.8033334016799927
881,4.0,1.2079825401306152
882,4.0,-0.4911254346370697
883,4.0,0.7082125544548035
884,4.0,1.222962737083435
885,4.0,1.3640003204345703
886,3.3678794411714423,-0.9138798713684082
887,4.0,0.6861587166786194
888,4.0,0.8208880424499512
889,4.0,0.39836597442626953
890,4.0,0.8065370917320251
891,4.0,0.9095620512962341
892,4.0,-1.0660966634750366
893,3.3678794411714423,-0.572910487651825
894,3.0995741367357277,-0.2666538953781128
895,4.0,0.5286083817481995
896,4.0,1.4561290740966797
897,3.135335283236613,-1.1171172857284546
898,4.0,0.998424232006073
899,4.0,-0.044976383447647095
900,3.3678794411714423,-0.45550844073295593
901,4.0,0.9611529111862183
902,3.381355335169613,0.29130473732948303
903,3.46745357790717,-1.5169532299041748
904,4.0,0.7859804630279541
905,3.4715177646857693,-2.7993111610412598
906,4.0,1.5256849527359009
907,3.4060058497098384,0.4012899398803711
908,4.0,-0.907130777835846
909,4.0,-0.8232342004776001
910,4.0,-0.5745775103569031
911,4.0,-1.1741225719451904
912,4.0,-0.2503688931465149
913,4.0,0.9403205513954163
914,4.0,1.0034213066101074
915,4.0,0.7137687802314758
916,4.0,0.6265867948532104
917,3.3678794411714423,-0.06686359643936157
918,3.135335283236613,0.41131508350372314
919,4.0,0.8776733875274658
920,3.3678794411714423,-0.522164523601532
921,4.0,1.2033329010009766
922,3.3678794411714423,-0.6876444220542908
923,4.0,1.1775492429733276
924,4.0,-0.7920722365379333
925,4.0,-0.5576591491699219
926,4.0,-0.9830991625785828
927,4.0,0.9328221082687378
928,3.7357588823428847,-0.4913076162338257
929,4.0,-0.011884629726409912
930,3.135335283236613,0.8696153163909912
931,4.0,1.2666064500808716
932,3.3678794411714423,-0.5927913784980774
933,4.0,1.6300674676895142
934,4.0,-0.38875818252563477
935,4.0,2.4626858234405518
936,3.3678794411714423,0.8372395634651184
937,3.3678794411714423,-2.3987269401550293
938,4.0,-0.18074016273021698
939,3.3678794411714423,0.25856930017471313
940,4.0,-3.1615915298461914
941,3.0366312777774684,-1.2496975660324097
942,4.0,-0.8635445833206177
943,4.0,1.2563681602478027
944,4.0,0.8064191341400146
945,3.3697032051025513,-0.02220022678375244
946,3.3678794411714423,0.748530387878418
947,4.0,1.8435487747192383
948,4.0,-0.4722980856895447
949,3.2349094199723405,-0.31115275621414185
950,4.0,1.8268723487854004
951,3.3678794411714423,-0.5195251703262329
952,4.0,1.3649253845214844
953,3.3678794411714423,-0.986813485622406
954,5.0,0.1533491313457489
955,4.0,-0.8411121964454651
956,3.3678794411714423,-0.41102999448776245
957,4.0,1.1942471265792847
958,4.0,-0.554774284362793
959,4.000670925255805,1.7575726509094238
960,3.3678794411714423,-0.5033782720565796
961,4.0,-1.2576147317886353
962,3.0366312777774684,-0.8154540657997131
963,4.0,1.7746570110321045
964,4.0,1.2857601642608643
965,3.372836945524775,-1.626033902168274
966,3.0995741367357277,-1.4378869533538818
967,4.0,-0.5135217308998108
968,4.0,-0.8742733001708984
969,4.0,0.6255560517311096
970,4.0,-0.6772907972335815
971,4.0,0.7542144656181335
972,4.0,0.4633350372314453
973,3.3678794411714423,-0.9295220375061035
974,4.0,-0.5927850008010864
975,4.0,1.7201536893844604
976,4.0,1.2377547025680542
977,4.0,1.1886903047561646
978,4.0,1.7766385078430176
979,3.135335283236613,0.5770557522773743
980,4.0,1.3180018663406372
981,3.3678794411714423,1.1001371145248413
982,4.0,-0.3604115843772888
983,4.0,1.7714937925338745
984,3.7357588823428847,-0.26252222061157227
985,4.0,-0.7980284690856934
986,3.0995741367357277,-0.6635944247245789
987,4.0,1.30878484249115
988,4.0,1.4864760637283325
989,4.0,-0.6137510538101196
990,4.0,-0.8974012136459351
991,3.3678794411714423,-0.47771769762039185
992,4.0,1.5798239707946777
993,3.3678794411714423,-0.10322988033294678
994,4.0,-0.6191247701644897
995,4.0,1.426321268081665
996,4.013475893998171,0.7370510101318359
997,4.0,-2.1787097454071045
998,4.0,1.3129996061325073
999,4.0,-1.031735897064209
1000,4.0,1.1017236709594727
